{"cameraMode":{"drawMode":0,"name":"Shaded","section":"Shading Mode"},"sceneLighting":true,"audioPlay":false,"sceneViewState":{"m_AlwaysRefresh":false,"showFog":true,"showSkybox":false,"showFlares":true,"showImageEffects":true,"showParticleSystems":true,"showVisualEffectGraphs":true,"m_FxEnabled":true},"in2DMode":false,"pivot":{"x":1.375219702720642,"y":1.6901230812072755,"z":0.557884156703949},"rotation":{"x":0.28039368987083437,"y":-0.23451204597949983,"z":0.07085008174180985,"w":0.9280964732170105},"size":9.214195251464844,"orthographic":true}