{"cameraMode":{"drawMode":0,"name":"Shaded","section":"Shading Mode"},"sceneLighting":true,"audioPlay":false,"sceneViewState":{"m_AlwaysRefresh":false,"showFog":true,"showSkybox":true,"showFlares":true,"showImageEffects":true,"showParticleSystems":true,"showVisualEffectGraphs":true,"m_FxEnabled":true},"in2DMode":false,"pivot":{"x":-0.013752937316894532,"y":1.1311099529266358,"z":0.7919492721557617},"rotation":{"x":0.07246270775794983,"y":-0.36654481291770937,"z":0.02864718809723854,"w":0.9271169900894165},"size":8.147323608398438,"orthographic":false}