{"cameraMode":{"drawMode":0,"name":"Shaded","section":"Shading Mode"},"sceneLighting":false,"audioPlay":false,"sceneViewState":{"m_AlwaysRefresh":false,"showFog":true,"showSkybox":false,"showFlares":true,"showImageEffects":true,"showParticleSystems":true,"showVisualEffectGraphs":true,"m_FxEnabled":true},"in2DMode":false,"pivot":{"x":-0.9512677788734436,"y":1.8606700897216797,"z":0.16337966918945313},"rotation":{"x":0.11372837424278259,"y":0.02086259424686432,"z":-0.0023887690622359516,"w":0.9932929277420044},"size":2.835489273071289,"orthographic":false}