{"cameraMode":{"drawMode":0,"name":"Shaded","section":"Shading Mode"},"sceneLighting":true,"audioPlay":false,"sceneViewState":{"m_AlwaysRefresh":false,"showFog":true,"showSkybox":false,"showFlares":true,"showImageEffects":true,"showParticleSystems":true,"showVisualEffectGraphs":true,"m_FxEnabled":true},"in2DMode":false,"pivot":{"x":9.940826416015625,"y":0.7704744338989258,"z":0.8687515258789063},"rotation":{"x":0.18623222410678864,"y":0.6551810503005981,"z":-0.17141766846179963,"w":0.7118033766746521},"size":10.326360702514649,"orthographic":true}